company,id,number_of_board_memebers,average_age_board,executives,total_active_assignments,total_prev_assignments,companies
Kolonn bygg AB,5568860059,2,43,Backurs; Janis,1,0,Kolonn bygg AB
ANDERSBORG Aktiebolag,5564670346,3,58,Löfgren; Erik Olof Anders,3,3,Tabellion AB|Loftux AB|ANDERSBORG Aktiebolag
Hazy Days Media AB,5565632139,2,67,Törneman; Carl Eric Mikael,2,3,SCRIPT46 AB|Hazy Days Media AB
Grundkontroll Sverige AB,5591634323,2,55,Gunnarsson; Lars Bertil Mikael,4,7,ARMENTA Mark & Betong AB|Cellplasthuset Sverige AB|Grundkontroll Sverige AB|Cellplasthuset-mg
Grundkontroll Sverige AB,5591634323,2,55,Dahlman; Marie Jeanette,3,4,Grundkontroll Sverige AB|ARMENTA Mark & Betong AB|Cellplasthuset Sverige AB
Husfixaren 1 AB,5567915151,2,61,Yousefi; Habib,1,19,Husfixaren 1 AB
Storstaden Bostad Mälaräng AB,5591323364,4,43,Jutner; Per Arne,23,89,Storstaden Bostad Nacka AB|STORSTADEN STOCKHOLM BOSTAD AB|Storstaden Bostad Älvsjö II AB|Abentor Innovation AB|Storstaden Stockholm Fastigheter AB|Storstaden Bromma Bostad AB|Storstaden Bostad Älvsjö III AB|Storstaden Property Group Holding AB|Storstaden Bostad Mälaräng AB|Storstaden Bostad Älvsjö AB|Segerporten Holding AB|Vikdalsvägen Fastighets II AB|Kavelbron Fastighets AB|Vikdalsvägen Fastighets AB|Segerporten Holding II AB|Visionen Elteknik Sverige AB|Hemmavid Sverige AB|Vikdalsporten Holding AB|Vikdalsvägen Garage AB|Eksätravägen Fastighets AB|Mälarhöjdsporten Holding AB|Storstaden Bostad Årsta AB|Bostadsrättsföreningen Stadsporten i Nacka
Avsan Advice AB,5591996672,2,63,Avsan; Anti Harald,10,7,TryggHem Projekt Holding AB|TryggHem Projekt 1 AB (publ)|Smallville AB (publ)|Avsan Advice AB|elivery AB|Secintech holding AB|2Reach Holding AB|2Reach AB|elivery holding AB|Security Invention Technologies Sweden AB
Sjögren Invest AB,5566312392,2,56,Sjögren; Mikael Henning,1,5,Sjögren Invest AB
Fagerholms MarkBygg Aktiebolag,5566373246,1,56,Örnstedt; Karl Johan,2,2,Bygglovshuset i Värmdö Handelsbolag|Fagerholms MarkBygg Aktiebolag
Alex Invest i Stockholm AB,5569169526,2,39,Bühlmann; Björn Alexander,4,6,Allbygg & VVS Svenska AB|Alex Invest i Stockholm AB|Bühlmann Invest AB|Johansson Holmér Holding AB
Blidö Konsult & Bygg AB,5591555130,2,67,Jansson; Kjell Gösta,2,11,Aktiebolaget Utö Havsbad|Blidö Konsult & Bygg AB
Dörr & Säkerhetssmide Nära i Täby AB,5567735302,3,66,Pettersson; Kjell Åke,1,2,Dörr & Säkerhetssmide Nära i Täby AB
Dörr & Säkerhetssmide Nära i Täby AB,5567735302,3,66,Eriksson; Britt Margareta,2,0,Dörr & Säkerhetssmide Nära i Täby AB|Sidus Power Solutions Aktiebolag
S.T.O.M.A BYGG AB,5568447998,3,47,Noréus; Matti Andreas,3,3,Bostadsrättsföreningen Bagarmossen Kanslisten 2|S.T.O.M.A BYGG AB|StorStockholms Riv & Bygg
INSPECTIA Sverige AB,5590237375,1,52,Bohacek; Christian Wade,3,16,Jobstory AB|Building Science Group Nordic AB|INSPECTIA Sverige AB
Palmgren & Söner AB,5567011456,3,67,Palmgren; Åke,2,4,Uppstuds AB|Palmgren & Söner AB
A Bit of Sweden Aktiebolag,5567566541,3,53,Undin; Kajsa Maria,2,3,A Bit of Sweden Aktiebolag|UNDINUM Invest AB
Mc Carthy Homes AB,5590163399,2,43,Dyrting Mc Carthy; I Rebecca M,1,2,Mc Carthy Homes AB
Bygg och Ritningskonsult i Norrtälje AB,5567327340,3,40,Kelter; Mikael Robert,7,3,Kelter Bygg & El AB|Roslagsfastigheter i Spillan AB|Bygg och Ritningskonsult i Norrtälje AB|Stubboda Holding AB|Åprojektet i Norrtälje AB|Granndeli AB|Åprojekt; Åkanten AB
4S PROPERTIES BYGG AB,5590195797,2,37,Sahampour; Amin,3,12,The Ultimate Nordic Race AB|4S PROPERTIES BYGG AB|4S properties AB
4S PROPERTIES BYGG AB,5590195797,2,37,Sahampour; Farbod,3,3,4S PROPERTIES BYGG AB|4S properties AB|The Ultimate Nordic Race AB
Kvist Skandinavien AB,5569558793,2,27,Kvist; Veronika,1,1,Kvist Skandinavien AB
Prestige Worldwide AB,5590392964,3,38,Wargclou; Stig Michael Magnus,6,11,CSK Projekt AB|Local Properties Sigtuna AB|CK Projektutveckling AB|Prestige Worldwide AB|CI Cargo Invest Aktiebolag|C.F. Cargo Fastigheter Aktiebolag
AWN Arkitektur AB,5591296719,2,43,Wingren Näsholm; Anna Maria,1,1,AWN Arkitektur AB
Veona Bygg AB,5569852006,2,46,Mirfeizi; Seyed Pasha,1,0,Veona Bygg AB
Jesper Skoog Design AB,5568423460,1,42,Skog; Frans Jesper,1,5,Jesper Skoog Design AB
REARTEX AB,5569902199,2,46,Carminger Reuterswärd; Åsa Maria,1,3,REARTEX AB
NEUSE AB,5590665781,2,37,Smith Engelbert; Nathalie E U,1,0,NEUSE AB
Niclas Hallring AB,5567160949,2,51,Hallring; Niclas,1,2,Niclas Hallring AB
Lilla Berga Consulting AB,5591830392,2,53,Blomström; Åsa Torvaldsdotter,5,0,New Bridge Capital AB|Lilla Berga Consulting AB|Breda Gatan Consulting AB|Petrus B Holding AB|Fuffr AB
Norrbygg i Bergshamra AB,5568600927,2,57,Gustavson; Fredrik Claes,2,3,Norrbygg i Bergshamra AB|Ejderbygg
Simorq AB,5591237622,2,42,Kontinen; Katayun,2,3,Simorq AB|Simorq
KROVPE Aktiebolag,5564561230,3,61,Persson; Hans Erik Göran,2,2,One Monday Aktiebolag|KROVPE Aktiebolag
ANNIKA von SCHÉELE AB,5563282069,4,64,von Schéele; Tove Annika,5,2,Skå Edeby Utveckling AB|Köksflygeln AB|Malingsbo Fastighets AB|ANNIKA von SCHÉELE AB|Examinator Aktiebolag
Play Design Sweden AB,5566827274,2,53,Svensson; Sven Krister Stanley,2,6,Play Design Sweden AB|KS Utbildning
Skaresta Gård Aktiebolag,5563512952,2,61,Andersson; Lars Gustav,10,17,Green Deer Holding AB|Bil- och Traktorservice i Stigtomta Aktiebolag|Stig Svenssons Motorverkstad Aktiebolag|Agro-Maskiner Gotland Aktiebolag|Aktiebolaget Södervik Bruk Holding|Skaresta Gård Aktiebolag|Mälarfast Industrifastigheter i Stockholm Holding AB|AB Munkbron Fastigheter|Mälarfast i Västerås AB|Bostadsrättsföreningen Pyreneus 5;6
Projektverkstan i Sverige AB,5568124076,2,47,Jonsson Sohlberg; John Arne Torbjörn,5,12,OLJIBE Aktiebolag|Projektverkstan i Sverige AB|Jolster Holding AB|Promido Development AB|byMarend AB
R Sundberg Bygg & Badrum AB,5568408156,2,44,Sundberg; Kent Johan Roberth,3,3,Robsun Holding AB|R Sundberg Bygg & Badrum AB|Puts & Kakel Stockholm AB
Lundins natur- och våtmarksentreprenad AB,5568531379,2,59,Lundin; Bernt Ove,1,0,Lundins natur- och våtmarksentreprenad AB
T.Sundh AB,5568742125,3,51,Sundh; Berndt Tenny,2,4,T.Sundh AB|Dr Sundh AB
Många Tankar AB,5568213911,3,54,Tenconi; Sergio Giovanni,2,1,Många Tankar AB|ANITRADE
Tegnik AB,5568086838,3,64,Tolstoy; Nikolaj Theodorsson,1,2,Tegnik AB
Tegnik AB,5568086838,3,64,Tolstoy; Jan Magnus Theodor,1,1,Tegnik AB
Walderstens Elektriska Aktiebolag,5560857178,2,52,Waldersten; Stig Edvin,1,1,Walderstens Elektriska Aktiebolag
Silver Dot AB,5590111679,2,50,Mattsson; Mats-Erik,1,1,Silver Dot AB
Byrån för egna hem AB,5569824237,2,39,Hyttsten Brodelius; Bo Emil,4,9,Byrån för egna hem AB|Nya Egnahemsrörelsen hus nr 1 ekonomisk förening|Own home bureau holding AB|Stockholms innerstads Waldorfpedagogiska          ekonomisk förening
OP. Installationskonsult AB,5568609613,2,70,Persson; Kjell Owe Gunnar,1,8,OP. Installationskonsult AB
Rexton Design AB,5568785348,2,66,Wallén; Lars Gösta,6,9,Rexton Handelsbolag|Arctos Aktiebolag|Rexton Design AB|Hospico Aktiebolag|Rexton Services handelsbolag
Kempo byggentreprenad AB,5567115372,2,40,Lindström; Jonny Khen-Poh,2,1,Vanadis Handel AB|Kempo byggentreprenad AB
Trähjulet Stockholm AB,5567046866,1,71,Öhman; Leif Ture,6,26,Trähjulet Fastigheter AB|Trähjulet Stockholm AB|Ösmo Bostäder AB|Ösmo Invest AB|Trähjulet Holding AB|Ösmo Hill AB
Team Bygg & Badrum FJR AB,5566629324,2,45,Jonsson; Frans Johan Ronnie,1,2,Team Bygg & Badrum FJR AB
Trapets arkitektur & design AB,5590821020,2,48,Dahlqvist; Anna Margreth,3,1,Trapets arkitektur & design AB|Tillsammans arkitekter AB|Margreth Dahlqvist arkitektur & design AB
JLow Consulting AB,5569619421,2,58,Löw; Bengt Johan Evald,2,1,Larnelius Affärsutveckling AB|JLow Consulting AB
Arwidsro Holding 3 AB,5568001415,4,62,Zonabend; Isak Peter,59,226,Arwidsro Fastigheter AB|Arwidsro Fastighets AB|Arwidsro Mellby Fastighets AB|Arwidsro Älvängen AB|Arwidsro Stenung Fastighets AB|Oasmia Pharmaceutical AB|Arwidsro Fjälkinge Fastighets AB|Arwidsro MoraNoret Fastigheter AB|Arwidsro Flaket 10 AB|Arwidsro Motorn 8 Fastighets AB|Arwidsro Samhällsfastigheter AB|Arwidsro Blejen 1 AB|Bostadsrättsföreningen Laxöringen nr 3|Arwidsro Investment AB|Tallmossen AB|Gummerholmen AB|Grönlandsvägen i Malung AB|Bäckvägen Intressenter Fastighets AB|Arwidsro Spångavägen Fastigheter AB|Arwidsro Handelsboden 24 AB|Vargen 3 AB|Bräcke 6:24 AB|Fastighetsaktiebolaget Malmö Smedjan 8|CCZ Holding AB|Arwidsro Holding 1 AB|Arwidsro Uddevalla fastigheter AB|Arwidsro Holding 3 AB|Fastighets AB Bryggårdsgärdet 2|Arwidsro Lagret 3 AB|Sporthallarna Stockholm AB|Arwidsro Holding 7 AB|Arwidsro Holding 17 AB|Bäckvägen Intressenter AB|Arwidsro Intrafinans AB|Arwidsro Byggnads AB|Arwidsro Fjällnäs Fastighets AB|Arkensvik AB|Arwidsro Holding 2 AB|Arwidsro Änghagen AB|Arwidsro Holding 11 AB|Arwidsro Holding 6 AB|Arwidsro Holding 8 AB|Arwidsro Holding 14 AB|Arwidsro Holding 13 AB|Arwidsro Holding 10 AB|Arwidsro Holding 9 AB|Arwidsro Holding 161 AB|Arwidsro Brädgården AB|Arwidsro Holding 5 AB|Arwidsro Holding 4 AB|Arwidsro Näs 1:299 AB|Granen Alva 3 AB|Arwidsro Holding 163 AB|Arwidsro Holding 12 AB|Arwidsro Holding 167 AB|Arwidsro Hemmestorp 3:36 AB|Arwidsro Holding 16 AB|Arwidsro Holding 159 AB|Arwidsro Finans AB
Aktiebolaget Liljewallgruppen,5564891603,6,71,Blomkvist; Leif Erland,4,23,Aktiebolaget Liljewallgruppen|Bleck Asset Management AB|Broström Projektutveckling AB|HSB Bostadsrättsförening Ekudden nr 688 i         Stockholm
Smultron Förlag AB,5562603315,2,39,Dagsdotter; Ebba Louise,3,6,Smultron Förlag AB|Exidian AB|Omarsson Produktion AB
PARLE AB,5569412108,2,52,Danielsson; Andreas Johan Markus,1,6,PARLE AB
CC Sterner AB,5563064905,3,52,Sterner; Anna Charlotta Persdotter,4,3,Maskinverket i Stockholm AB|Sterols Network Handelsbolag|CC Sterner AB|Bostadsrättsföreningen Kupan 6
Wikström Byggwik Aktiebolag,5562129683,4,61,Hall‚n; Anna Katarina,2,2,Wikström Byggwik Aktiebolag|kh redovisning
Jonsson Mini-Tivoli AB,5568530579,2,56,Jonsson; Nils Gunnar Roger,2,3,Jonsson Mini-Tivoli AB|MR. SPIK Jonsson Aktiebolag
Altmark Bygg och Fastigheter AB,5569569683,2,71,Jonsson; Staffan Peder,3,1,basenbygg Handelsbolag|Ull Security Handelsbolag|Altmark Bygg och Fastigheter AB
PL Fjärrvärme AB,5569237216,2,67,Lakanen; Pekka Päiviö,1,2,PL Fjärrvärme AB
Speciella Hus MM AB,5569317315,3,40,Eggeby; Maths Bertil,1,1,Speciella Hus MM AB
Claes Backlund Teknik Aktiebolag,5562940303,2,71,Backlund; Claes Mikael,3,0,MARCLA Invest AB|Claes Backlund Teknik Aktiebolag|MARCLA Holding Aktiebolag
MA-Glasgruppen AB,5564403375,6,52,Classon; Per Magnus,3,1,MA-Glasgruppen AB|AA - Glas AB|CM Glas & Byggmontage Handelsbolag
Riflex Bygg AB,5566012299,2,33,Hagman; Martin Svante,12,34,M Fastigheter Roslagen AB|Riflex Vårdfastigheter Aktiebolag|Riflex Bostäder AB|Riflex Centrumhus AB|Riflex Industrifastigheter AB|Riflex Aktiebolag|Riflex Gredelby 782 AB|Riflex Slottsfastigheter AB|Riflex Billborg AB|Riflex Muraren AB|Riflex Bygg AB|Riflex Handelsfastigheter AB
SBK Bygg AB,5590458302,4,43,Kveldstad; Erika Lilian,10,128,Stockholm Byggkoncept AB|Nordic Building Invest AB|Din Bilvärd AB|Bostadsrättsföreningen Snickaren 12|Rösten AB|SBK Bygg AB|Irsa AB|Battle of Red Roses AB|Kveldhus AB|Battle of Roses Aktiebolag
Stuvsta Byggkonsult AB,5591469910,2,44,Lexius; Jesper Weine,1,1,Stuvsta Byggkonsult AB
Petter Kärnekull Arkitektkontor AB,5567099154,2,66,Kärnekull; Petter Erik Vilhelm,1,4,Petter Kärnekull Arkitektkontor AB
Minimalen Bostad AB,5567542138,3,47,Mattsson; Nancy Jacqueline,4,5,Lidingö Stads Fastighets Aktiebolag|Bofutura Ekonomisk förening|Minimalen Bostad AB|Trygg Bostadsrättsmarknad i Sverige               Ekonomisk förening
HL Blom Konsult AB,5567401731,2,75,Blom; Håkan Lennart,2,18,HL Blom Konsult AB|Ideella föreningen Rådet för Byggkvalitet; BQR    med firma BQR
HusFörsegling grön AB,5568799083,4,60,Jonsson; Erik Bertil,1,1,HusFörsegling grön AB
HusFörsegling grön AB,5568799083,4,60,Jonsson; Gunvor Christina,1,0,HusFörsegling grön AB
Olofsson Holmsten AB,5590015169,3,48,Olofsson; Mats Anders,3,12,Moumo Scandinavia AB|Olofsson Holmsten AB|Playground Event AB
af Petersens Design AB,5591049811,2,49,af Petersens; Cecilia Birgitta,1,3,af Petersens Design AB
Föreningskakan AB,5569847246,3,46,Kolmskog; Kurt Erik Tobias,1,1,Föreningskakan AB
Wadadisi AB,5590639802,2,38,Svensson; Johan Wilhelm,1,0,Wadadisi AB
Wadadisi AB,5590639802,2,38,Svensson; Karin Maria,1,3,Wadadisi AB
Nässlan design; hantverk och byggadministration AB,5568649270,3,55,Sterby; Kent Bertil,3,8,Byggledarna Sigtuna AB|Byggledarna Stockholm AB|Nässlan design; hantverk och byggadministration AB
Scandinavian Wall & Design AB,5590791140,2,35,Shaje Haraldsson; Mona Simone,2,3,Xbil Upplevelser AB|Scandinavian Wall & Design AB
MEG Consult AB,5590721980,3,51,Grönlund; Mats Erik,4,11,MEG Consult AB|Bostadsrättsföreningen Mälarvik|Riksbyggen Bostadsrättsförening Hallen
MEG Consult AB,5590721980,3,51,Engdahl; Maria Ulrika,1,1,MEG Consult AB
2 consulting AB,5591250880,2,44,von Berens; Johan Christoph,1,1,2 consulting AB
2 consulting AB,5591250880,2,44,von Berens; Åsa Helena,1,0,2 consulting AB
Lasse Jansson Projektering Aktiebolag,5563478667,2,62,Jansson; Lars Gunnar,1,1,Lasse Jansson Projektering Aktiebolag
25hus AB,5590339528,3,51,Krusell; Christopher Alexander,4,5,BizBridge Corporate Advisors AB|C Krusell Energi Bygg & Konsult AB|25hus AB|Bizbridge Business Broker AB
Nbox Project AB,5591895114,3,45,Nylund; Zacharias Björn Alexander,2,1,Nbox Project AB|Z&Z Projekt AB
Väskgossen AB,5591521256,2,33,Dahlin; Carl Johan Henrik,2,0,Väskgossen AB|NYSTRÖM STOCKHOLM AB
2 Capitals AB,5569603540,2,63,Walentowicz; Jerzy,3,3,Agatex AB|2 Capitals AB|TOWER TRADE INTERNATIONAL JERZY WALENTOWICZ
Storholmen Larmteknik Aktiebolag,5564658648,2,73,Finskas; Tor-Björn Valdemar,2,0,Storholmen Larmteknik Aktiebolag|STOR-STOCKHOLM LARMTEKNIK
H&D Byggkonsult AB,5591453989,3,39,Dragostinov; Rostislav Lachezarov,1,0,H&D Byggkonsult AB
SUBdesign AB,5568999394,2,53,Phiromyoo; Muthita,1,4,SUBdesign AB
JAMES Jim Hagelin Arkitekt AB,5567060172,2,48,Hagelin; Jim Krister,1,2,JAMES Jim Hagelin Arkitekt AB
E.V Anläggning AB,5590586524,2,52,Jansson; Erik Victor Andreas,1,2,E.V Anläggning AB
Nordgren Innovation & Design AB,5567789697,2,65,Nordgren; Louisa,3,1,Juristn i Sverige AB|Human Care Nordic AB|Nordgren Innovation & Design AB
Brandsäkra Stockholm AB,5566218185,2,62,Bertilsson; Niklas Bertil,3,8,Säkerhetsentreprenad Stockholm AB|Brandsäkra Stockholm AB|N Bertilsson Fastigheter AB
EA Elinstallation och service AB,5591635726,2,49,Taha; Abdulrhman Ahmad,1,1,EA Elinstallation och service AB
EA Elinstallation och service AB,5591635726,2,49,Alshalaby; Ehab,1,1,EA Elinstallation och service AB
Karlslund Bygg AB,5591498174,2,49,Myöhänen; Tom Sebastian,1,5,Karlslund Bygg AB
PETER KARNIK Aktiebolag,5564150117,2,50,Karnik; Bo Peter Thomas,1,5,PETER KARNIK Aktiebolag
PAPPA TAK AB,5569396756,5,61,Pettersson; Patrik Oskar Mathias,7,9,P O Service Bygg & Måleri AB|NP Gruppen Aktiebolag|Front Up AB|Norrorts Plåtslageri Aktiebolag|1416 Fastigheter och konferens AB|PAPPA TAK AB|1416 Holding AB
Paciello Invest AB,5569900730,3,51,Calderon Paciello; Lina Carina E,5,4,Balanzen Norden AB|Gröna Gredelina AB|Paciello Invest AB|Calpe Holding AB|PACIELLO Handelsbolag
ORIGO arkitekter Holding AB,5567675375,3,53,Berg; Emma Tuva,3,2,ORIGO arkitekter Holding AB|ORIGO arkitekter Aktiebolag|PBR Arkitekter AB
KML Consulting AB,5590868997,2,52,Labba; Kent Göran,1,0,KML Consulting AB
KML Consulting AB,5590868997,2,52,Labba; Hans Martin,1,1,KML Consulting AB
Ingenjörsfirman Alin & Co Aktiebolag,5563672657,2,61,Alin; Ulla Karin Elisabeth,2,3,Ingenjörsfirman Alin & Co Aktiebolag|Alin & Co Aktiebolag
Palomaa & Partners AB,5568191174,2,42,Palomaa; Jari-Pekka,1,5,Palomaa & Partners AB
Byggihop i Sverige AB,5567942981,2,65,Azinovic Holmgren; Jeanette Zeneta,2,6,Byggihop i Sverige AB|Tenco AB
Ground Control Engineering AB,5568201072,2,42,Leiner; Peter,4,10,LabMind AB|Plink AB|Ground Control Engineering AB|GeoMind AB
Ectart Electrical Art Engineering AB,5569780314,2,35,Bergkvist; Daniel Erik,1,0,Ectart Electrical Art Engineering AB
Elektrotekniska Larm & Säkerhet Lidingö AB,5566254032,4,53,Sewén; Björn Anders Bertil,2,10,Sewen Offshore Competence AB|Elektrotekniska Larm & Säkerhet Lidingö AB
PILAB Holding AB,5566891437,2,82,Pilskog; Erik Tommy,1,9,PILAB Holding AB
Lovin Legs Design AB,5591571871,3,51,Collett; Maria Kristina,5,3,Almi Företagspartner Stockholm Sörmland AB|Collett Svetsmaskinservice Aktiebolag|Collett Fastighets AB|Lovin Legs Design AB|Collett Svetskommers AB
JGunnarsson Sverige AB,5590963236,4,44,Gunnarsson; Johan Erik Per,4,1,ProTalent AB|Bostadsrättsföreningen Lindormen 4|JGunnarsson Sverige AB
Key Medicals AB,5590791249,2,44,Åqvist; Carl Johan Marcus,7,12,Key Medicals AB|Bostadsrättsföreningen Torparmor|H.W.H Fastighet AB|H.Å.H. Fastigheter AB|Key 9 AB|Huvudnyckeln Holding AB|H.Å.H Holding AB
Rörab-Carlsson & Blomgren Aktiebolag,5561657841,2,55,Johannisson; Björn Rickard,2,5,RÖRAB Infra AB|Rörab-Carlsson & Blomgren Aktiebolag
Spinecore AB,5567433882,3,64,Dahlén; Jenny Rebecka,3,7,Spinecore AB|Pdahlén Photography AB|Rebecka Dahlén Produktion AB
Byggnadsfirma Roger Malm AB,5568130941,2,56,Malm; Per Roger,1,4,Byggnadsfirma Roger Malm AB
ArkiHus Elektriska AB,5590143144,3,52,Boyko; Igor,3,7,ArkiPro AB|ArkiHus Elektriska AB|SHS Gruppen AB
Origin places AB,5567300479,2,62,Hlawatsch; Robert Nicklas Jimi,32,24,Skärgårdsvillan Bygg AB|A-gruppen i Sverige AB|Ljusterö Skärgårdsby AB|A-direkt AB|a-arkitekter i Sverige AB|Real Viking Aktiebolag|Viking Hlawatsch & Co AB|Hlawatsch Consulting Aktiebolag|A - gruppen invest Sverige AB|Origin places AB|Bostadsrättsföreningen Ljusterö Skärgårdsby 4|Ljusterö Centrum Utveckling AB|Ljusterö Centrum Holding I Sverige AB|Linköping SA Holding AB|Engelbrekt Kapital i Stockholm AB|Skärgårdsvillan Utveckling AB|Skärgårdsvillan Holding 3 AB|Bostadsrättsföreningen Ljusterö Trädgårdar 2|Ljusterö Mark 8 AB|Ljusterö Mark 7 AB|Skärgårdsvillan Holding AB|Ljusterö Mark 9 AB|Ljusterö Skärgårdsby Förvaltning AB|Skärgårdsvillan Holding 2 AB|Ljusterö Mark 4 AB|Linköping SA Mark 1 AB|Skärgårdsvillan Invest AB|L House AB|Ljusterö Mark 5 AB|Bostadsrättsföreningen Ljusterö Trädgårdar 1|Arkitekturgränd 6 ekonomisk förening|Bostadsrättsföreningen Arkitekten 11
Dymla AB,5592073497,3,39,Dymmel; Karin Anna Cecilia,2,1,Dymla AB|Erla Consulting AB
Lyckebit AB,5565827895,2,65,Sandström; Thomas Karl Erik,5,1,Morningbriefing Börstjänaren AB|Ord & Bild Gruppen Uppsala Handelsbolag|Lyckebit AB|Börstjänarfolket 2013 AB|Hallenborg & Sandström Fund Management AB
Langaeble Stockholm AB,5569322117,2,34,Axelqvist; Maria Helena Elisabeth,1,0,Langaeble Stockholm AB
Gio Olla AB,5569699977,2,33,Olla; Giuseppe,1,0,Gio Olla AB
Stegus Control AB,5566149091,2,50,Gustafsson; Björn Stefan,9,8,SkyltDirect Ost AB|SkyltDirect Sverige AB|Skylto AB|Vägnu AB|Stora Huset i Orsa AB|Metalsign Sweden AB|eWorks Nordic AB|Stora huset i Sika AB|Stegus Control AB
Constrera Projektpartner AB,5566429345,4,50,Andersson; Nils Johan Marcus,8,18,Ljungström & Andersson Invest AB|Constrera AB|Ideella föreningen Stockholms Byggmästarförening  med firma; Stockholms Byggmästareförening|DINAMI VÄRME & VATTEN AB|Constrera Projektpartner AB|Orudden Invest AB|Constrera Projektutveckling AB|Andersson & Ljungström Invest AB
Rosenhof Art Aktiebolag,5568412471,2,49,Hamberger; Anna Viktoria,1,2,Rosenhof Art Aktiebolag
Ingarö våtrum & invest AB,5590383807,2,33,Edström; Emelie Charlotta,1,1,Ingarö våtrum & invest AB
Hold ME AB,5568047806,2,51,Littorin-Lagercrantz; Eva J E,2,9,Hold ME AB|Eva Littorin stil & text
KW Com Consulting AB,5568614639,3,44,Karlsson; Sven Daniel,1,4,KW Com Consulting AB
PML Energy AB,5590960687,4,49,Laukkanen; Petri Mikael,3,9,PML Energy AB|PML Svets & VVS AB|PML Fastighet AB
Vadim & Company AB,5590568308,2,50,Martisus; Aleksas,2,4,Vadim & Company AB|JLH Mat AB
Alantia AB,5566178199,2,48,Ekelund; Erik Martin,2,4,Alantia AB|Byggnadskvalitet Grimmer AB
DykeriSupporten Stockholm AB,5565390969,2,51,Kälfors; Anders Victor,3,2,DykeriSupporten Stockholm AB|DykeriSupporten Stockholm|Aqua 3-swe
JaH Tech AB,5591545479,2,30,Jansin; Vjatseslav,1,2,JaH Tech AB
Sigtuna Golv och Kakel AB,5567531545,3,61,Brodin; Göte Fredrik,10,6,Sigtuna Vatten & Renhållning AB|Sigtuna Återvinning Aktiebolag|Golvmästarna i Järfälla Aktiebolag|ROSERSBERGS GOLV Aktiebolag|Palmreds Golv och Entreprenad AB|Sigtuna Golv Aktiebolag|Rostuna Förvaltning AB|BNC Gruppen AB|Företagarna i Sigtuna kommun AB|Sigtuna Golv och Kakel AB
TuttiFrutti Arkitekter AB,5563642841,4,65,Liljefors; Axel Mikael,4,10,Millimeter Arkitekter AB|Liljefors & Ågren Arkitektkontor AB|TuttiFrutti Arkitekter AB|Monogon AB
Geminorum AB,5590251038,2,44,Larsen; Carl Johan,3,1,Catalarum Förvaltnings AB|Bostadsrättsföreningen Amerika|Geminorum AB
CompactHouse (Sweden) Aktiebolag,5566371141,3,57,Borell; Göran Ulf:son,2,6,Bostadsrättsföreningen Renen 23|CompactHouse (Sweden) Aktiebolag
N-Å Kadeby Aktiebolag,5563692895,2,65,Kadeby; Nils Åke,2,2,Bostadsrättsföreningen Gamla Finnboda|N-Å Kadeby Aktiebolag
Only for Heroes AB,5590395231,2,46,Arnald; Anna-Karin Cathrine,6,5,Funka Mera Norden AB|ABC Logopedtjänst AB|Key Performance AB|Språka Mera Stockholm Handelsbolag|Only for Heroes AB|Språka Mera Stockholm AB
Jeltor AB,5590954573,3,38,Lindblom; Joel Emil,1,0,Jeltor AB
Trevliga Hus Stockholm AB,5590574785,3,51,Abu Zarur; Maher,12,5,FMS Bygg och Fastighetsservice AB|FMS Betong AB|Swelöv Ställning och Montage AB|Trevliga Hus Stockholm AB|Northern Airlines AB|Gymer fastigheter AB|GOLDBACH EKONOMI AB|FMS Holding AB|DOCHM AB|Swelövia Stockholm AB|FMS Energi & EL AB|FMS Invest AB
Ankarhagen AB,5568383532,3,46,Sjövall; Lars Göran Markus,25,55,Ankarhagen BP AB|Altira Förvaltning AB|Ankarhagen Ventum AB|Ankarhagen Nattvinden AB|Ankarhagen TL4 AB|Ankarhagen Buffeln AB|Ankarhagen Gaspedalen AB|Ankarhagen Järnvägen AB|Ankarhagen Klubban AB|Ankarhagen Telefonen AB|Ankarhagen swuk AB|Ankarhagen Fastigheter AB|Ankarhagen BP3 AB|Ankarhagen Vintergatan AB|Ankarhagen Nolgård AB|Ankarhagen Likströmmen AB|Ankarhagen Jordbromalm AB|Ankarhagen Tunbytorp AB|Style by Lottie AB|Tripeta AB|Ankarhagen AB|Ankarhagen Örsholmen AB|Ankarhagen Karlstadfastigheter AB|Ankarhagen Östanvindstorpet AB|Ankarhagen Östanvinden 4 AB
Apeiron Aktiebolag,5564718723,2,57,Havossar; Jan,2,8,Havossar Finance AB|Apeiron Aktiebolag
2Innovate4 Innovationskonsulter AB,5562833672,2,60,Nilsson; Anders Johan Erik,6,30,AffärsMinglet i Norden AB|New Message Aktiebolag|Card4Action AB|Business Branding Investment Group i Sverige AB|IGH InnovationsGruppen Holding AB|2Innovate4 Innovationskonsulter AB
Eek Visual Art AB,5590754866,2,55,Eek; John Daniel,1,1,Eek Visual Art AB
Add Square AB,5568839657,2,53,Edling; Dennis Alexander,1,1,Add Square AB
Institute for Sustainable Transportation ISTCAB   Calmar AB,5566673025,3,62,Hunhammar; Carl Magnus,2,2,Institute for Sustainable Transportation ISTCAB   Calmar AB|INFOMAGS
Petrart invent AB,5566475819,6,50,Wadström; Petra Carina Marianne,2,6,Solvatten AB|Petrart invent AB
Kogei Design Studio AB,5591672299,2,43,Andersson; Daniel Olov Christian,1,3,Kogei Design Studio AB
Harpy AB,5569679334,2,40,Claret; Carlos Francisco,6,13,Kadenz Consulting AB|OptiGo AB|CluSolve AB|Trimor Invest AB|Eurolatina AB|Harpy AB
Daniel Scharf konsult AB,5591233407,2,38,Scharf; Daniel Oskar,2,3,Daniel Scharf konsult AB|Scandinavian Yachting Handelsbolag
btng-design AB,5591392617,2,32,Thulin; Pontus Harald,2,5,Aith Labs AB|btng-design AB
btng-design AB,5591392617,2,32,Gunnefur; Jacob,1,1,btng-design AB
Klasson Yousefi AB,5592089014,4,32,Yousefi; Jooya,3,2,Safety4All.Int AB|Solution Valley AB|Klasson Yousefi AB
Klasson Yousefi AB,5592089014,4,32,Klasson; Viktor Berndt Otto,3,2,SaleSys Sverige AB|Eliptis AB|Klasson Yousefi AB
Kapsel2 AB,5569283350,2,54,Hermes; Tim Samuel,2,7,Kapsel2 AB|Selberg & Linde Handelsbolag
Trenchcoat AB,5564723749,2,77,Rönnkvist; Per-Olov,2,0,Trenchcoat AB|TRENCHCOAT
A.L.W Communication AB,5569319584,4,49,Högström; Anna Malin,2,0,Alweria AB|A.L.W Communication AB
Elteam J-O Bengtsson AB,5563684678,2,41,Bengtsson; Lars Olof Joakim,3,6,e3control AB|Aktiebolag Stockholm skyltfabrik|Elteam J-O Bengtsson AB
Paula Menyes AB,5590963921,3,47,Tham; Margaret Helena Maria,2,3,Peter Menyes Förvaltning AB|Paula Menyes AB
Karl Hoffman Holding AB,5590930128,2,43,Hoffman; Karl Johan,7,16,TJF Entreprenad AB|JHSM Däck & Bilservice AB|TJF Måleri AB|Gröna Bygget i Sverige AB|Cyntus AB|JLK Konsulter AB|Karl Hoffman Holding AB
Oceanic-Creations AB,5567452957,3,56,Scholander; Ulf Carl-Fredr Björnsson,7,14,1a Lilla Begravningsbyrån Scholanders AB|Lilla Begravningsbyrån Scholanders|OMC Oceanic Moisture Control AB|Oceanic-Creations AB|Global-Constructions Sweden AB|Bostadsrättsföreningen Pudervippan|Ada Begravningsbyrå Handelsbolag
EBO GT AB,5566962717,3,62,Anundi; Eva Katarina Bernhardsdotter,1,1,EBO GT AB
4857 Bygg AB,5591092985,4,57,Widegren; Dan Anders,4,5,Pefo byggnads AB|4857 Bygg AB|WNGNW Holding Aktiebolag|Ekerö Kraft Bygg AB
Bostadsrekond i Stockholm AB,5569386617,3,58,Kulesza; Daniel Sebastian,1,3,Bostadsrekond i Stockholm AB
PWBor AB,5568551625,2,52,Andrade Hagland; Carl Johan,2,2,AB Ekerö Bostäder|PWBor AB
Jernlodet AB,5562505783,2,68,Hedkvist; Johan Patrik,3,7,Wide-Awake AB|Europe Ecolights AB|Jernlodet AB
Kove Modul Sweden AB,5566123765,2,36,Vilkas; Darius,2,3,Mantas Bygg AB|Kove Modul Sweden AB
Kove Modul Sweden AB,5566123765,2,36,Bubnovs; Deniss,2,4,Mantas Bygg AB|Kove Modul Sweden AB
Kastellholmen Fastighetsutveckling Aktiebolag,5562395748,3,52,Lundström; Björn Ossian Harald,6,15,AgHolmen AB|Tuleholmen Fastigheter AB|Kastellholmen Fastighetsutveckling Aktiebolag|Hemsön Energi AB|Hemsön Skog AB|Odalholmen AB
01 Moderna Bad AB,5569810772,3,48,Ovebring; Kurt Mikael,5,2,Moderna Hem Skandinavien Handelsbolag|01 Moderna Bad AB|Ovebring Speaker & Event|Moderna Hem Skandinavien AB|Moderna Group Scandinavia AB
Fliplife of Sweden AB,5591084479,3,52,Marken; Malin Katarina,4,4,Cambiatio AB|SK Leader-coaching AB|Fliplife of Sweden AB|Alexandrow Produktion AB
Husets Mur & Puts AB,5568149321,2,44,Husbom; Mikael Erik,3,3,House Tec Murarbolag i Stockholm AB|Solviksklippans fastighets AB|Husets Mur & Puts AB
Husets Mur & Puts AB,5568149321,2,44,Lundberg Husbom; Marie Linnea,2,3,House Tec Murarbolag i Stockholm AB|Husets Mur & Puts AB
Runesson och Sandberg Energi AB,5568917941,2,60,Runesson; Bengt Johan Mattias,1,0,Runesson och Sandberg Energi AB
Kurt Blomqvist AB,5561692319,3,61,Blomqvist; Kurt Erik,2,0,Kurt Blomqvist AB|Nils Sandell Bygg Aktiebolag
Paulsson och Silfwerbrand Betongkonsult AB,5565530473,3,56,Paulsson Tralla; Knut Mats Jonatan,2,0,Betong och stålteknik i Stockholm AB|Paulsson och Silfwerbrand Betongkonsult AB
Aktiebolaget Ortens Betong Värmdö,5567397392,3,46,Nyberg; Björn Ruben,1,0,Aktiebolaget Ortens Betong Värmdö
Ihd Development AB,5565907929,2,55,Ihd; Lars Martin,2,5,IHD Security AB|Ihd Development AB
SHH SF Produktion AB,5592012123,3,56,Alvarsson; Lars Ragnar Fredrik,15,40,SERNEKE Group AB (publ)|SHH Bostad AB (publ)|SHH Bostadsproduktion AB|SHH Bostadsutveckling AB|SHH SF Produktion AB|Volabo projekt Östhamra AB|SHHNREP Produktion AB|SHH Invest nr 62 AB|FA Partners AB|SHH Projekt nr 62 AB|SHH Hjärup Projekt AB|SHH Hjärup Invest AB|SHH Samhällsfastigheter AB|SHHNREP Invest AB|SHH Invest nr 54 AB
JH Natursten Aktiebolag,5567563092,3,59,Heikfolk; Leif Johnny Roland,3,1,VMS Värmdö Maskin & Support Aktiebolag|2JLPS Holding AB|JH Natursten Aktiebolag
Estrid & Eugenia AB,5591301535,4,71,Lantz; Kristina Eugenia,1,0,Estrid & Eugenia AB
I Run With AB,5592007149,2,38,Lamy; Klara Daga,2,9,I Run With AB|Daga productions
Mälarhöjdens Elbyrå Aktiebolag,5564501855,2,66,Törnberg; Thomas Thore,1,3,Mälarhöjdens Elbyrå Aktiebolag
Emblasoft Systems AB,5562634229,3,55,Mannerstråle; Lars Gustaf Göran,1,12,Emblasoft Systems AB
Anna Falkenmark Design AB,5567097091,2,62,Jorman Falkenmark; Anna Margareta,2,7,Bostadsrättsföreningen Viggen 9|Anna Falkenmark Design AB
RE Projekt AB,5564369725,2,78,Eriksson; Rolf Odd,1,5,RE Projekt AB
Kraft Konsulting i Gävle AB,5567786859,2,52,Östhols; Marcus,4,5,ICS International Consulting Services AB|Kraft Konsulting i Gävle AB|Carl o Olivia Inredningar AB|Bostadsrättsförening Pärlhönan 7
I Got Stripes Studio AB,5590340781,4,39,Hagelin Söderlindh; Victoria Marie C,1,2,I Got Stripes Studio AB
Per Mattson Consulting AB,5569098790,2,48,Mattson; Per Gustav,2,7,Stockholms Laserklinik.Karin & Karolina AB|Per Mattson Consulting AB
Örtegrens Kreativa AB,5569554909,2,41,Örtegren; Anders,1,2,Örtegrens Kreativa AB
iken AB,5568383276,2,62,Karlsson; Kjell Ingemar,1,3,iken AB
Nathalie Adenling AB,5568802374,3,49,Adenling; Linda Nathalie,1,0,Nathalie Adenling AB
Forslind Konsult AB,5591783104,2,58,Forslind; Björn,1,0,Forslind Konsult AB
Jesper & Co Investments & Consulting AB,5590853429,2,36,Stenmark; Hans Åke Jesper,3,3,ETQ Labs AB|SkAIpatrol AB|Jesper & Co Investments & Consulting AB
Fidelium AB,5590856059,2,43,Martinez Arias; Christian Antonio,1,2,Fidelium AB
Fidelium AB,5590856059,2,43,Vera Garrido; Julio Enrique,2,0,MARGARITA STREET FOOD Handelsbolag|Fidelium AB
A.K Maskinhantering AB,5591236103,3,45,Lundvall; Lars Kenneth,1,1,A.K Maskinhantering AB
A.K Maskinhantering AB,5591236103,3,45,Yousef; Ahmad Ali,5,5,Stockholms Berghantering AB|Amsby Utveckling AB|Amsby Kommersiella AB|A.K Maskinhantering AB|D.S.J Entreprenad AB
SPASK Aktiebolag,5564906807,2,52,Lundin; Per Eric Åke,2,8,SPASK Aktiebolag|Lundin Livs i Stenhamra Aktiebolag
Hitta hem i Stockholm AB,5569446338,3,55,Bertils; Hanna Margareta,1,1,Hitta hem i Stockholm AB
Melian Konsult AB,5563491777,2,53,Eriksson; Mats Olov,3,8,Melian Konsult AB|Nynäs Hemservice AB|Fyren Bygg & Konsult AB
The SHEER AB,5569491714,3,45,Rieu; Karin Anna Gabriella,2,12,The SHEER AB|Mirabeau AB
Trädgårdsgrävarna i Rotebro AB,5567299259,2,48,Håkansson; Johan Fredrik,3,3,NetBin Sverige AB|Gate 68 AB|Trädgårdsgrävarna i Rotebro AB
WHEN SIMONSAYS AB,5568401854,2,54,Hansen; Sean Verner,3,1,Serolo AB|WHEN SIMONSAYS AB|Idline AB
Snowfinch Invest AB,5591297832,2,46,Ståhl; Johan Mikael,2,0,Svensk Infrateknik AB|Snowfinch Invest AB
Snowfinch Invest AB,5591297832,2,46,Ståhl; Anna Elisabet,1,1,Snowfinch Invest AB
OAK Company Sweden AB,5591206114,2,39,Edström; Anders Oskar Villjam,6,10,Symbio Me AB|Veos AB|OAK Company Sweden AB|Mälaröarnas Montessori; ek. för.|Veos Invest AB
Hållbar anpassning 360 AB,5591234033,2,56,Kvintåhs Eriksson; Bondpä Jennie C,4,4,Kvintåhs Amazeme AB|Sweden in Action Ekonomisk förening|Hållbar anpassning 360 AB|Bostadsrättsföreningen Ryttaren i Solna
Aifoskela AB,5591013635,2,27,Sanning; Alexander Fredrik,2,3,Aifoskela AB|Katarsis Software
Aifoskela AB,5591013635,2,27,Sanning; Sofia Elsa Maria,1,1,Aifoskela AB
Sheep & Hops AB,5568690134,2,47,Holmgren; Lars Peter Hubertus,1,5,Sheep & Hops AB
Hanna Altmann AB,5569337537,2,39,Altmann; Hanna Cecilia,1,1,Hanna Altmann AB
Catmak AB,5592035082,2,64,Berghäll; Karin Ann-Sofi,1,2,Catmak AB
Catmak AB,5592035082,2,64,Billstrand; Magnus Nils Gösta,1,0,Catmak AB
Fabulous Fake AB,5569673519,2,50,Köpsén; Anna Ulrika,2,4,Fabulous Fake AB|Kopsen Consulting
Lars Boberg Konstruktiv Gestaltning AB,5568679582,3,59,Boberg; Lars Gunnar,4,1,Myomec AB|Lars Boberg Konstruktiv Gestaltning AB|KONSTNÄR LASSE G:SON BOBERG|Indigo Bygg
Ekerö Berg & Bygg AB,5591301345,1,50,Cronmark; Hans Magnus Gustav,2,2,Ålstens Fiskaffär AB|Ekerö Berg & Bygg AB
Kent Lundkvist Måleri & Entreprenad AB,5590261219,3,44,Lundkvist; Kent Olov,1,2,Kent Lundkvist Måleri & Entreprenad AB
Kent Lundkvist Måleri & Entreprenad AB,5590261219,3,44,Lundkvist; Marcus Maximilian,1,1,Kent Lundkvist Måleri & Entreprenad AB
Roslagens Hantverkstjänst AB,5568711583,2,67,Johansson; Anders Olof,3,5,Bostadsrättsföreningen Artillerigatan 24|Roslagens Hantverkstjänst AB|Nordela Aktiebolag
Claés Breitholtz Aktiebolag,5563767614,3,61,Breitholtz; Claes Georg,1,0,Claés Breitholtz Aktiebolag
Partins Bygg Aktiebolag,5569090839,2,43,Lidström; Elias Emil Magnus,1,0,Partins Bygg Aktiebolag
Plan Interiör; inredningskonsult; Svenska AB,5592080666,2,34,Hjelm; Sofia Catarina,2,0,Plan Interiör; inredningskonsult; Svenska AB|Plan Interiör Stockholm
PMS Equity AB,5566734942,3,53,Kärrström; Nils Stefan,3,13,SUNARU AB|PMS Equity AB|Snabel AB
PMS Equity AB,5566734942,3,53,Lönnqvist; Olle Kurzio,4,18,Snabel AB|SUNARU AB|PMS Equity AB|Täby Entreprenad AB
Roger Johansson RJ AB,5567125355,2,73,Johansson; Roger Sven,1,2,Roger Johansson RJ AB
TG Bergkonsult AB,5568224223,2,62,Gerdland; Karl Gunnar Tore,1,1,TG Bergkonsult AB
KeSaMa Bygg AB,5568483928,2,53,Peterson; Ronnie Michael,3,2,KeSaMa Bygg AB|Kettlers Ekonomi & Redovisning AB|Kettler's Restauranger Handelsbolag
Jibro Bygg AB,5591702799,2,35,Jibro; Philip Dismon,2,4,Jibro Bygg AB|Philles Bär Handelsbolag
INFix AB,5591973325,2,55,Bobert; Ylva Stina Charlotta,2,3,INFix AB|Fixup
Creator Projekt Väst AB,5591353163,3,39,Lindblom; Lars Benny,3,15,Creator Holding AB|Creator Bygg & Projektledning AB|Creator Projekt Väst AB
K-Konsult Management AB,5563564573,2,65,Larsson; John Carl Peter,1,5,K-Konsult Management AB
Ragest Finans AB,5561845511,3,64,Andersson; Mikael Ragnvald,2,1,Ragnvald Anderssons Konsult AB|Ragest Finans AB
Peter and friends AB,5568092182,2,66,Ehrnström; Eric Peter,1,1,Peter and friends AB
Woxö & Persson Konsult AB,5569264020,4,46,Persson; Jan,1,0,Woxö & Persson Konsult AB
Woxö & Persson Konsult AB,5569264020,4,46,Woxö Persson; Vanja Helen,1,0,Woxö & Persson Konsult AB
HellströmKraft AB,5590090725,3,53,Hellström; Hans Niclas,2,0,Certus Bygg AB|HellströmKraft AB
STHLM Soda Co. AB,5590480785,2,42,Chi; Carina Wai-Mau,1,1,STHLM Soda Co. AB
Villakompetens AB,5591616809,2,58,Rinderud; John Freddie,1,1,Villakompetens AB
Lojab AB,5590220777,2,41,Koski; John Tapani Johannes,2,1,Lojab AB|Monmeday Städservice Aktiebolag
Kenewa Aktiebolag,5590362967,3,60,Agvald; Per Håkan,4,2,ATTGENO AB|PsykMed i Stockholm Aktiebolag|Kenewa Aktiebolag|XSNAP Invest AB
Vincent K Invest AB,5568366768,2,44,Westermark; Carl Fredrik,6,9,Rosenmark Salem AB|Klädarkivet Sthlm AB|Vincent K Invest AB|Rosberg & Westermark Invest AB|Salems Port AB|Rosenmark Fastigheter AB
STOCKHOLMS ENTREPRENAD & SNICKERI AB,5590452461,2,35,Yussupov; Yalkunzhan,1,1,STOCKHOLMS ENTREPRENAD & SNICKERI AB
J.R Fastighetsservice AB,5590885769,2,41,Rainsson; Jari Martti Mikael,2,0,J.R Fastighetsservice AB|J.R Fastighetsservice
J.R Fastighetsservice AB,5590885769,2,41,Rainsson; Linda Maria,4,0,Jelima AB|Två Alfa AB|J.R Fastighetsservice AB|Rainsson holding AB
DATELI Installation Aktiebolag,5562598713,3,50,Widéen; Lars Thomas,7,5,DATELI Partner AB|L.T.W Partner AB|DATELI Infrateknik AB|Vasken AB|DATELI Installation Aktiebolag|Musköviken AB|Krondiket AB
Dharma Develop AB,5568695083,2,47,Heintz; Sofia Kristina,4,0,GoToWork AB|Include Applications AB|Dharma Develop AB|Bostadsrättsföreningen Bagarsjön
JOSEFIN STRID AB,5568418262,2,48,Strid; Anna Josefin,3,4,STRID STUDIOS AB|Bostadsrättsföreningen Bondesonen 22|JOSEFIN STRID AB
mr.eriksson Projektledning AB,5567468243,3,58,Eriksson; Carl Fredrik,3,2,mr.eriksson Projektledning AB|Bostadsrättsföreningen Dagakarlen 32|Bostadsrättsföreningen Lindvallsgatan 11
Jupiters Bygg & Måleri AB,5565190948,2,47,Klopotowski; Krzysztof,1,2,Jupiters Bygg & Måleri AB
All Bygg i Huddinge AB,5567148084,2,52,Nyholm; Lars Erik Olof,1,2,All Bygg i Huddinge AB
Arkitrav AB,5567310726,2,69,Sjögren; Per Sune,5,7,Arkoo Arkitekter AB|Sjögrens Hus AB|Arkitrav AB|Campido stable AB|Sisyfos Quattro AB
Norra STHLM Transport AB,5591920573,3,43,Bergström; Lars Gustav Michael,1,1,Norra STHLM Transport AB
Norra STHLM Transport AB,5591920573,3,43,Bergström; Pontus Henrik,1,0,Norra STHLM Transport AB
Sticklinge Gård Aktiebolag,5564982238,3,68,Larsson; Karl Arne,7,3,Sticklinge Gård Aktiebolag|RUSSIAN TRANS OIL Aktiebolag|Ryss-Bo AB|Arne Larsson & Partner Leasing Aktiebolag|Part Russia AB|Arne Larsson Import & Export Aktiebolag|Arne Larsson & Partners Aktiebolag
Lindman Måleri AB,5569798852,3,50,Lindman; Tommie Stefan,1,2,Lindman Måleri AB
Amelia Concept Interior Design AB,5591547434,2,30,Andbert; Martina Anna Bhavna,5,0,OPX Partners AB|OPX Partners Scandinavia AB|Amelia Concept Interior Design AB|Nordlind Scandinavia AB|OPX Partners Holding AB
Riverflow media Aktiebolag,5590720917,2,53,Zetterberg; Lars Niklas Ingemar,1,3,Riverflow media Aktiebolag
vonFlensburg Konsult & Invest AB,5569710931,2,41,Flensburg; John Anton Niklas,3,4,Zimplio AB|Sofie Graw AB|vonFlensburg Konsult & Invest AB
JB KERAMIK OCH STEN AB,5569696148,2,48,Biloch; Johan Oskar,2,1,Svenska Hantverkargruppen i Roslagen AB|JB KERAMIK OCH STEN AB
Kättingen AB,5567093082,2,57,Eriksson; Karl Daniel,10,12,Expohouse Sweden Aktiebolag|Fidell BM AB|Sjöliv Commercial AB|Fastighets AB Kejsarkronan 3|Trient AB|Kättingen AB|Bostadsrättsföreningen Kejsarkronan 3|Trient Mark AB|Ekonomisk förening Kejsarkronan 36|Key Leader Management AB
HARTLAND BYGG & INSTALLATION AB,5591481402,2,53,Hartland; Johan Per Erik,1,2,HARTLAND BYGG & INSTALLATION AB
Lycklig arkitektur Stockholm AB,5568617137,4,46,Saler; Karin Maria Davidsdotter,2,2,Hela Jorden ekonomisk förening|Lycklig arkitektur Stockholm AB
Lycklig arkitektur Stockholm AB,5568617137,4,46,Engman; Jens Martin,3,2,Visbyarkägarna AB|Visbyark AB|Lycklig arkitektur Stockholm AB
